<?xml version="1.0" encoding="UTF-8"?>
<skin version="0.2">
	<title xml:lang="ko">회원 기본 모바일 스킨</title>
	<title xml:lang="en">XE Basic Member Mobile Skin</title>
	<title xml:lang="jp">会員でフォルトモバイルスキン</title>
	<description xml:lang="ko">
		XE 기본 모바일 스킨 입니다.
		NAVER (developers@xpressengine.com) 
	</description>
	<description xml:lang="jp">
		XEでフォルトモバイルスキンです。
		NAVER (developers@xpressengine.com) 
	</description>
	<version>1.7</version>
	<date>2013-11-27</date>
	<author email_address="developers@xpressengine.com" link="http://xpressengine.com/">
		<name xml:lang="ko">NAVER</name>
		<name xml:lang="en">NAVER</name>
		<name xml:lang="jp">NAVER</name>
		<name xml:lang="zh-TW">NAVER</name>
		<name xml:lang="tr">NAVER</name>
	</author>
</skin>
