<query id="updateModule" action="update">
    <tables>
        <table name="modules" />
    </tables>
    <columns>
        <column name="module" var="module" notnull="notnull" maxlength="80" />
        <column name="module_category_srl" var="module_category_srl" />
        <column name="layout_srl" var="layout_srl" />
        <column name="skin" var="skin" minlength="0" maxlength="250" />
        <column name="is_skin_fix" var="is_skin_fix" default="N" />
        <column name="mskin" var="mskin" />
        <column name="is_mskin_fix" var="is_mskin_fix" default="N" />
        <column name="menu_srl" var="menu_srl" filter="number" />
        <column name="mid" var="mid" notnull="notnull" minlength="1" maxlength="40" />
        <column name="browser_title" var="browser_title" notnull="notnull" minlength="1" maxlength="250" />
        <column name="description" var="description" default="" />
        <column name="is_default" var="is_default" default="N" notnull="notnull" />
        <column name="content" var="content" />
        <column name="mcontent" var="mcontent" />
        <column name="open_rss" var="open_rss" default="Y" notnull="notnull" />
        <column name="header_text" var="header_text" default="" />
        <column name="footer_text" var="footer_text" default="" />
		<column name="mlayout_srl" var="mlayout_srl" />
		<column name="use_mobile" var="use_mobile" default="N" />
    </columns>
    <conditions>
        <condition operation="equal" column="site_srl" var="site_srl" default="0" filter="number" notnull="notnull" />
        <condition operation="equal" column="module_srl" var="module_srl" filter="number" notnull="notnull" pipe="and" />
    </conditions>
</query>
