<?xml version="1.0" encoding="UTF-8"?>
<module version="0.2">
    <title xml:lang="ko">관리자 모듈</title>
    <title xml:lang="en">Administrator Module</title>
    <title xml:lang="vi">Administrator Module</title>
    <title xml:lang="es">Módulo del administrador</title>
    <title xml:lang="zh-CN">管理员模块</title>
    <title xml:lang="jp">管理者用モジュール</title>
    <title xml:lang="ru">Модуль администратора</title>
    <title xml:lang="zh-TW">管理員模組</title>
    <title xml:lang="tr">Yönetici Modülü</title>
    <description xml:lang="ko">각 모듈의 기능을 나열하고 관리자용 레이아웃을 적용하여 관리 기능을 사용할 수 있도록 하는 모듈입니다.</description>
    <description xml:lang="en">This module shows a list of features for each module. By applying the administrator layout it is possible to use administrator features.</description>
    <description xml:lang="vi">Module này hiển thị thông tin của những Module đã được cài đặt, và cho phép bạn sử dụng quyền của Administrator để thiết lập giao diện.</description>
    <description xml:lang="es">Este módulo muestra una lista de características de cada módulo, en donde puede activar la función de la administracion aplicando el diseño del administrador.</description>
    <description xml:lang="zh-CN">列出各模块的功能并使用管理员布局，可以让其使用管理功能的模块。</description>
    <description xml:lang="jp">各モジュールの機能を表示し、かつ管理者用のレイアウトを適用させて、管理機能が使用出来るようにします。</description>
    <description xml:lang="ru">Этот модуль показывает список возможностей каждого модуля, и позволяет Вам использовать несколько менеджеров, применяя лейаут для администратора.</description>
    <description xml:lang="zh-TW">列出各模組的功能及使用管理員版面，並可使用管理功能的模組。</description>
    <description xml:lang="tr">Bu modül size, her modülün özelliklerini barındıran bir liste gösterir ve yöneticiler için yerleşim düzeni uygulayarak, yöneticilerin birkaçını kullanma imkanı sunar.</description>
    <version>1.7</version>
    <date>2013-11-27</date>
    <category>system</category>

    <author email_address="developers@xpressengine.com" link="http://xpressengine.com/">
        <name xml:lang="ko">NAVER</name>
        <name xml:lang="en">NAVER</name>
        <name xml:lang="vi">NAVER</name>
        <name xml:lang="es">NAVER</name>
        <name xml:lang="zh-CN">NAVER</name>
        <name xml:lang="jp">NAVER</name>
        <name xml:lang="ru">NAVER</name>
        <name xml:lang="zh-TW">NAVER</name>
        <name xml:lang="tr">NAVER</name>
    </author>
</module>
