<?xml version="1.0" encoding="UTF-8"?>
<module version="0.2">
	<title xml:lang="ko">Syndication</title>
	<title xml:lang="zh-TW">聯合供搞</title>
	<title xml:lang="tr">İçerik Paylaşımı</title>
	<description xml:lang="ko">검색서비스업체와 직접 통신을 통해 컨텐츠를 잘 검색되도록 하는 Syndication 규약을 따라 정보를 주고받는 모듈</description>
	<description xml:lang="zh-TW">검색서비스업체와 직접 통신을 통해 컨텐츠를 잘 검색되도록 하는 Syndication 규약을 따라 정보를 주고받는 모듈</description>
	<description xml:lang="tr">검색서비스업체와 직접 통신을 통해 컨텐츠를 잘 검색되도록 하는 Syndication 규약을 따라 정보를 주고받는 모듈</description>
	<version>5.0.0</version>
	<date>2016-03-08</date>
	<category>interlock</category>

	<author email_address="developers@xpressengine.com" link="https://www.xpressengine.com/">
		<name xml:lang="ko">NAVER</name>
		<name xml:lang="zh-TW">NAVER</name>
		<name xml:lang="tr">NAVER</name>
	</author>
</module>
