<query id="getDeletedList" action="select">
    <tables>
        <table name="syndication_logs" />
    </tables>
    <columns>
        <column name="*" />
    </columns>
    <conditions>
        <condition operation="equal" column="module_srl" var="module_srl" filter="number" />
        <condition operation="equal" column="document_srl" var="document_srl" filter="number" />
        <condition operation="more" column="regdate" var="start_date" filter="number" pipe="and" />
        <condition operation="less" column="regdate" var="end_date" filter="number" pipe="and" />
    </conditions>
    <navigation>
        <index var="sort_index" default="log_srl" order="desc" />
        <list_count var="list_count" default="100" />
        <page_count var="page_count" default="10" />
        <page var="page" default="1" />
    </navigation>
</query>
