<?xml version="1.0" encoding="UTF-8"?>
<module version="0.2">
    <title xml:lang="ko">모듈</title>
    <title xml:lang="zh-CN">模块列表</title>
    <title xml:lang="jp">モジュール</title>
    <title xml:lang="en">Module</title>
    <title xml:lang="vi">Module</title>
    <title xml:lang="es">Módulo</title>
    <title xml:lang="ru">Модули</title>
    <title xml:lang="zh-TW">模組</title>
    <title xml:lang="tr">Modül</title>
    <description xml:lang="ko">모듈을 생성하고 관리합니다.</description>
    <description xml:lang="zh-CN">生成及管理模块的模块。</description>
    <description xml:lang="jp">モジュールの生成、管理するモジュールです。</description>
    <description xml:lang="en">Creating/managering the other modules.</description>
    <description xml:lang="vi">Module cho phép tạo và quản lý những Module khác.</description>
    <description xml:lang="es">Este módulo is para crear y manejar los otros módulos.</description>
    <description xml:lang="ru">Этот модуль служит для создания/управления другими модулями.</description>
    <description xml:lang="zh-TW">用於建立與管理其他模組。</description>
    <description xml:lang="tr">Bu modül, başka modüller oluşturmak ve yönetmek içindir.</description>
    <version>1.7</version>
    <date>2013-11-27</date>
    <category>system</category>

    <author email_address="developers@xpressengine.com" link="http://xpressengine.com/">
        <name xml:lang="ko">NAVER</name>
        <name xml:lang="vi">NAVER</name>
        <name xml:lang="zh-CN">NAVER</name>
        <name xml:lang="jp">NAVER</name>
        <name xml:lang="en">NAVER</name>
        <name xml:lang="es">NAVER</name>
        <name xml:lang="ru">NAVER</name>
        <name xml:lang="zh-TW">NAVER</name>
        <name xml:lang="tr">NAVER</name>
    </author>
</module>
