<?xml version="1.0" encoding="UTF-8"?>
<skin version="0.2">
    <title xml:lang="ko">회원 기본 스킨</title>
    <title xml:lang="zh-CN">会员模块默认皮肤</title>
    <title xml:lang="jp">会員デフォルトスキン</title>
    <title xml:lang="en">Default Member Skin</title>
    <title xml:lang="vi">Giao diện thành viên mặc định</title>	
    <title xml:lang="es">Por defecto miembro piel</title>
    <title xml:lang="ru">По умолчанию членом кожи</title>
    <title xml:lang="zh-TW">會員模組預設面板</title>
    <title xml:lang="tr">Varsayılan Kullanıcı Dış Görünümü</title>
    <description xml:lang="ko">
        회원 기본 스킨
        NAVER (developers@xpressengine.com)
    </description>
    <description xml:lang="zh-CN">
        会员模块的默认皮肤。
        NAVER (developers@xpressengine.com)
    </description>
    <description xml:lang="jp">
        会員モジュールのデフォルトスキン
        NAVER (developers@xpressengine.com)
    </description>
    <description xml:lang="en">
        The default skin of the member
        NAVER (developers@xpressengine.com)
    </description>
    <description xml:lang="vi">
        Giao diện mặc định của Module Thành viên
        NAVER (developers@xpressengine.com)
    </description>
    <description xml:lang="es">
        Por defecto de la piel miembro módulo
        NAVER (developers@xpressengine.com)
    </description>
    <description xml:lang="ru">
        умолчанию кожу члена модуль
        NAVER (developers@xpressengine.com)
    </description>
    <description xml:lang="zh-TW">
        會員模組預設面板。
        NAVER (developers@xpressengine.com)
    </description>
    <description xml:lang="tr">
       Üye modülünün varsayılan dış görünümü
        NAVER (developers@xpressengine.com)
    </description>
    <version>1.7</version>
    <date>2013-11-27</date>

    <author email_address="developers@xpressengine.com" link="http://xpressengine.com/">
        <name xml:lang="ko">NAVER</name>
        <name xml:lang="jp">NAVER</name>
        <name xml:lang="zh-CN">NAVER</name>
        <name xml:lang="en">NAVER</name>
        <name xml:lang="vi">NAVER</name>
        <name xml:lang="es">NAVER</name>
        <name xml:lang="ru">NAVER</name>
        <name xml:lang="zh-TW">NAVER</name>
        <name xml:lang="tr">NAVER</name>
    </author>

    <colorset>
        <color name="white">
            <title xml:lang="ko">기본</title>
            <title xml:lang="zh-CN">默认</title>
            <title xml:lang="jp">デフォルト</title>
            <title xml:lang="en">default</title>
            <title xml:lang="vi">Mặc định</title>
            <title xml:lang="es">Por defecto</title>
            <title xml:lang="ru">умолчанию</title>
            <title xml:lang="zh-TW">預設</title>
            <title xml:lang="tr">varsayılan</title>
        </color>
    </colorset>
</skin>
