<?xml version="1.0" encoding="utf-8"?>
<ruleset version="1.5.0">
    <customrules>
    </customrules>
    <fields>
		<field name="enable_join" required="true" />
		<field name="webmaster_name" required="true" length="2:40" />
		<field name="webmaster_email" length="1:200" rule="email" />
		<field name="password_strength" required="true" />
		<field name="password_hashing_algorithm" required="true" />
		<field name="password_hashing_work_factor" required="true" />
		<field name="password_hashing_auto_upgrade" required="true" />
    </fields>
</ruleset>
