<query id="addScrapDocument" action="insert">
    <tables>
        <table name="member_scrap" />
    </tables>
    <columns>
        <column name="member_srl" var="member_srl" notnull="notnull" />
        <column name="document_srl" var="document_srl" default="0" />
        <column name="title" var="title" />
        <column name="user_id" var="user_id" />
        <column name="user_name" var="user_name" />
        <column name="nick_name" var="nick_name" />
        <column name="target_member_srl" var="target_member_srl" default="0" />
        <column name="regdate" default="curdate()" />
        <column name="list_order" default="sequence()" />
    </columns>
</query>
